title,ID,views,publishedTime,Video_seq
THE ELUSIVE White Seabass + PB Halibut and Squid,jDDH1BGHvzY,"95,443 views",7 days ago,1
Sushi Chef Shows How to Fillet Tuna and Eat It,ti_RUL3oFNA,"166,530 views",2 weeks ago,2
A DREAM TRIP For Bluefin Tuna,N6kxJ75z07E,"148,043 views",3 weeks ago,3
EPIC CRABBING End of the Season,k4GSJTk6RzI,"132,087 views",3 weeks ago,4
Restaurants Love This Fish | Black Cod Catch and Cook,0lx7vjn5C3s,"121,068 views",4 weeks ago,5
SUSTAINABLE SEAFOOD | Close Look at an Oyster Farm in NZ,cP7rufnXka0,"113,596 views",1 month ago,6
BEST TASTING CRAB | Massive Mudcrab in Australia,IAZVfY3bfbk,"198,529 views",1 month ago,7
SQUID ON THE BEACH | I didn't even see this coming,sngb_HC9rPI,"152,744 views",1 month ago,8
Island Mission In Australia! Feat. @rokkitkit,ik1SDYF3Cy8,"115,596 views",1 month ago,9
Deliciously Invasive Ep.6 | Pig Hunt,1st3J2r6m5w,"131,813 views",1 month ago,10
Announcement on New Project | Coastal Harvest NZ Pipis,QrqlwEqLDdY,"96,881 views",2 months ago,11
Catch and Cook Paua(abalone) in New Zealand,LGvXFh4j-uo,"144,594 views",2 months ago,12
HUGE RAINBOW TROUT in New Zealand,ChY2uUVspDc,"168,267 views",2 months ago,13
BIRTHDAY CAKE with Kingfish(yellowtail) | Back in New Zealand,qwf4gjWnGJg,"152,970 views",2 months ago,14
SQUID INK Catch and Cook,4pK4JbOnYB0,"237,392 views",2 months ago,15
The Art of Japanese Perfection | Catch and Cook,SbQgNdQloOc,"157,149 views",3 months ago,16
FISHING JAPAN | Master Class in Filleting Fish(Japanese Technique),okpIIprQ9VI,"163,766 views",3 months ago,17
Reunited with Family | Fishing and Cooking In Japan,7xfLmLTSXJw,"175,877 views",3 months ago,18
What Happened to the KINA(sea urchin) | Fishing and Diving NZ,Qm47A6nxvC4,"135,642 views",3 months ago,19
ALWAYS Prepare For The BIG ONE...,XEftRd4dzrE,"266,586 views",4 months ago,20
TUNA In New Zealand,lhmHHZ3vrDA,"244,912 views",4 months ago,21
I Made Unagi With This Big River Eel,nJ6y1xMFeK0,"221,002 views",4 months ago,22
Coastal Foraging is Easy Here | Catch and Cook Cockles,rpeq-D5t9KU,"198,025 views",4 months ago,23
I Ate This Easy To Catch Fish and WOW!,W9SGN2q_0MY,"184,228 views",4 months ago,24
The One We All Dream About and I LANDED IT | Ep.1 New Zealand Series,1Tm7ALC9R4s,"617,516 views",5 months ago,25
BIG FISH PULLS ME IN! These Fish Are Crazy,1BDHEBN3ixM,"219,910 views",5 months ago,26
MY FIRST WAHOO | All the Best Ways to Eat It,FiSWZ80DuK4,"211,285 views",5 months ago,27
COCONUT CRAB HUNT | We Eat One!,AH4u-FW1-hY,"499,759 views",5 months ago,28
OVERNIGHT MISSION Gotta Harvest Our Own Food | Hawaii,EgcTSussm7o,"243,575 views",5 months ago,29
BEST WAY TO GRILL LOBSTER...Directly On Hot Coals | Hawaii Night Dive,8uGOhMs24A0,"160,419 views",6 months ago,30
WORLDS FIRST Jumping Kole | Hawaii Big Island Adventure,MRh0Xh9wx9E,"192,480 views",6 months ago,31
The HAWAIIAN SASHIMI PLATTER,FB6iLke1AYQ,"258,164 views",6 months ago,32
DELICIOUSLY INVASIVE Ep.5 | Freshwater Prawns in Hawaii,T4XMW14ZwpU,"719,466 views",6 months ago,33
SURF AND TURF POT PIE | Foraging Goldmine,L8j28PH0Fg0,"274,790 views",6 months ago,34
I Took a Chef Foraging For Mushrooms and This is What He Made,oyCUy2zZcr0,"197,569 views",7 months ago,35
EATING MY FREE CRABS,YBQy2pi716k,"137,560 views",7 months ago,36
Smoked This HUGE LINGCOD HEAD + Roe & Ling Liver Pate,zcEnuGGne_w,"104,840 views",7 months ago,37
I WAS STALKED BY GREAT WHITE SHARK Then Caught My Biggest Lingcod Ever,ana1awn_5iQ,"160,606 views",7 months ago,38
TONGASS NATIONAL FOREST | Earth's Treasure | Short Film,qmASVheN8Ik,"117,743 views",7 months ago,39
BEST DAMN CRAB CAKE RECIPE | Japanese Style,jIk6ak-F8XM,"176,212 views",8 months ago,40
EPIC CRAB FEAST Kamayan Style,_-zEuqSUW8U,"242,802 views",8 months ago,41
I CAN'T BELIEVE OUR LUCK | Chanterelle Cheesesteak,NfShoLZnkcY,"159,092 views",8 months ago,42
Flavorful Japanese Fried Chicken Recipe on FISH | Catch and Cook,nImaGqw5VPo,"230,527 views",8 months ago,43
"DUNGENESS CRAB FOR EVERY MEAL | Breakfast, Lunch, and Dinner",Y4LEByyaNrU,"159,931 views",9 months ago,44
TIME FOR CRABS! Season Opener Catch and Cook,F7on2IgNS1M,"283,158 views",9 months ago,45
Behind the Scenes of Creating Content | Making Sriracha | Vlog,Kjz6h9bqOjs,"71,460 views",9 months ago,46
Creating a Huge Sushi Platter Out of Our Catch | Living on a Boat,FTUefLmUHw0,"183,398 views",9 months ago,47
Gourmet Cooking On My Kayak in the Ocean,V4zqTjn61rw,"287,072 views",9 months ago,48
Trying a BUFFALO TOMAHAWK in Wyoming,VYzFCSqyyKc,"214,637 views",10 months ago,49
My Last Meal Ever... | Fishing in Glacier,dpWvtFrXP34,"188,506 views",10 months ago,50
"Japanese Style Breakfast with Trout | Hot Spring, Northern Lights, and Smoked Salmon",D4LUsMoAO10,"186,949 views",10 months ago,51
Last Time I Fish in Alaska!! Favorite Dish of All Time During Childhood,Cg6we3E_XSI,"211,283 views",10 months ago,52
KOREAN STYLE RAW CRAB With Dungeness Crab in Alaska,1g3Sn-a9wwY,"244,443 views",11 months ago,53
People Taste Test 3 Different Alaskan Salmon | Surprising Outcome!,30f-NWQ_bkc,"135,526 views",11 months ago,54
"GREATEST CATCH AND COOK OF ALL TIME | Alaska Coastal Foraging, Red Lingcod, and Hot Springs",NATsPoTvjNU,"1,931,427 views",11 months ago,55
Mushroom Hunting & Takoyaki(Octopus balls) | The Drop Is Here!,7Riz-WUOHn0,"221,891 views",11 months ago,56
HUGE ALASKAN SALMON ROE. We ate it.,o40THOgU740,"217,718 views",11 months ago,57
I was having a terrible day until...,DhyMZg7vWF8,"117,430 views",1 year ago,58
Year Long Project LEAKED + How to Make Canned Smoked Salmon the Proper Way,6WAqv-7XhNY,"110,422 views",1 year ago,59
"ALASKA HAS WILDFIRES, We?re Out! Dolly Varden Catch And Cook",x2rXJvs2IYk,"147,884 views",1 year ago,60
BEST CAMPFIRE SMOKED SALMON | Wow!,rcLkW20tJXQ,"2,275,016 views",1 year ago,61
Expert Level Cooking on the Beach | Halibut + Kelp Pickle Sandwich,h0QpMmYMlt0,"147,135 views",1 year ago,62
FILLETING A HUGE HALIBUT | Trip of a Lifetime with Subscribers Prt.2,OiksFCUYoKY,"435,199 views",1 year ago,63
WILD SOCKEYE SCOTCH EGG + ROE?! | Trip of a Lifetime with Subscribers Prt.1,WAc6liT_04g,"176,687 views",1 year ago,64
STEAK AND POTATOES KINDA NIGHT | Fishing In Heaven,TfOT0bRvKMM,"186,436 views",1 year ago,65
LAKE ISLAND CAMPING IN CANADA | Burbot(freshwater cod) Sushi,I0m7wkXXT6Y,"190,674 views",1 year ago,66
I TRIED EATING THIS RAW | Eel Sashimi,LsZ6C9DjsUc,"116,986 views",1 year ago,67
HUNT FOR ELUSIVE MOREL MUSHROOMS | Morel Pasta Recipe,JJXBskA1YRI,"117,033 views",1 year ago,68
24HRS MAROONED ON GILLIGAN'S ISLAND + Thunder Storm,suK2b97uVxk,"200,334 views",1 year ago,69
THIS DELICACY PREPPED 3 WAYS | Bahamas Series Ep.3,sEQO9-xPfx8,"134,136 views",1 year ago,70
TWO CHEFS COOKING ON A DESERTED ISLAND | Living Off the Sea | Bahamas Series Ep.2,QIAHipkKDLw,"166,893 views",1 year ago,71
Chef of the Sailboat | Ocean to Table Creations | Bahama Series Ep.1,k5xAUDPPQBc,"155,815 views",1 year ago,72
Deliciously Invasive Ep.4: INVASIVE IGUANA RAMEN,JF32TY6uSvk,"107,652 views",1 year ago,73
Zero Waste Fish Recipes | Using Fish Skin& Collar,76RluhpTqw0,"118,946 views",1 year ago,74
A Twist On a Classic Japanese Dish in Alaska | Oyakodon,aoF-C658G1c,"157,997 views",1 year ago,75
CRAB YAKIONIGIRI(Grilled Jelly Filled Donuts),dRp_0tvpl3g,"165,146 views",1 year ago,76
I Made CATFISH McNUGGETS | First Catfish Catch and Cook,vMiVbPS1Nik,"299,040 views",1 year ago,77
"I'M ON FIRE?Hunt for the 40"" Halibut",ZfoQGIRjT40,"81,230 views",1 year ago,78
SURF AND TURF SUSHI with Perfectly Grilled Steak,Ki5mFPLlpD4,"153,372 views",1 year ago,79
McDonald's Filet-o-Fish with REAL FISH | Striped Bass Vs. Halibut,pSDWS4wH2nU,"142,556 views",1 year ago,80
Is This Ceviche? Master the Art of Halibut Filleting,PLJYopiU1oY,"132,090 views",1 year ago,81
FIRST OFFICIAL MOVIE | Oregon Steelhead Sushi Platter,nxKoFY5d42Y,"590,126 views",1 year ago,82
BEST SUSHI ON THE RIVER with Trout | Catch and Sushi,d_HBWBJ1NXk,"191,284 views",1 year ago,83
Eel Banh Mi(Vietnamese Sandwich) in My Van | Easiest Fish to Catch,4O0t0_5ZXYc,"133,538 views",1 year ago,84
TINY ROD CATCHES GIANT FISH Out of a Small Ice Hole,mIBUkgzr8eE,"150,799 views",1 year ago,85
Fillet&Sashimi Halibut in My Van | Fish to Dish,XskPgnIAMeg,"160,941 views",1 year ago,86
Sailfish Catch N Cook in Mexico,25HiKW_41Bc,"136,338 views",1 year ago,87
"STONE SIZZLING BIBIMBAP ""this might be my favorite""",q4tFhWlXxK4,"140,909 views",1 year ago,88
Deliciously Invasive Ep.3 | Invasive Squirrel and Plants For Indian Feast,TeujRgfPnBc,"156,746 views",1 year ago,89
Deliciously Invasive Ep.2: European Green Crab as Sustainable Food Source,aa1VvkZzwhE,"244,653 views",1 year ago,90
Caviar and Korean BBQ | Vlog Day,U5IOvhIhyWs,"161,266 views",1 year ago,91
BRAND NEW SERIES: Deliciously Invasive Ep.1 | Pikeminnow,qGs5us5S9QY,"184,289 views",1 year ago,92
BEST SMOKED FISH IN THE RIVER Whiskey Maple Glazed Steelhead,3WOQ9FgBzfo,"396,162 views",1 year ago,93
FISH BALL PHO | Must Try This Catch and Cook,fcyRjjv-Y1s,"122,435 views",1 year ago,94
GOURMET UDON In My VAN & Coastal Foraging UNI(Sea Urchin),B5Oj-PKIWeo,"171,485 views",1 year ago,95
MY BIGGEST FISH EVER | Cooking Up Sturgeon,0FIZfyCU1uo,"127,134 views",1 year ago,96
Winter Van Camping & Foraging | Making Addicting Crispy Noodles,Z391sAXPheM,"166,313 views",1 year ago,97
"Cookin' Up the BEST of the SEA | Lobster, Uni, Squid, Scallops",GceTgptkCSg,"256,510 views",1 year ago,98
MAKE STOCKED TROUT TASTE DELICIOUS | Catch and Cook Trout,kOFRB1E0M8A,"143,650 views",1 year ago,99
YOU NEED THIS BUTTERY CRAB&UNI(Sea Urchin) ROLL,maNc6NCQELg,"184,287 views",1 year ago,100
Making REAL CALIFORNIA ROLLS and More | Hoopnetting For Dungeness Crabs,hya-53bJIQ0,"213,648 views",1 year ago,101
48hrs SOLO NO FOOD KAYAK CAMPING | FORAGE TO EAT,bK-bZ5OwHLg,"659,155 views",1 year ago,102
DELICIOUS PORCINI JERKY RECIPE | Wild Mushroom Foraging,N2dZl6InQ9Y,"95,263 views",1 year ago,103
"**GRAPHIC** Sushi Chefs Turn ""TRASH"" INTO GOURMET",zhjKTbax8CY,"170,776 views",1 year ago,104
MUST TRY CRAB RECIPE(Black Pepper Crab)| Kayak Fishing For Dungeness Crab,IHzewOGZjIk,"176,779 views",1 year ago,105
"AMAZING WILD MUSHROOM SUSHI | Oysters, Porcini, &Chanterelle",5mQyONMBwOY,"157,759 views",1 year ago,106
The Most Annoying Fish To Fillet,jDtG375Jr4Q,"185,197 views",1 year ago,107
WE MADE THE BEST YAKITORI featuring Yoya Takahashi & Yakitoriguy,CYDppTJUObQ,"127,912 views",1 year ago,108
LOBSTER GARLIC NOODLES | Freediving in the Ocean at Night,5WIVMhTGSjg,"258,732 views",1 year ago,109
SUSHI CHEF MAKES 3 COURSE MEAL ON A KAYAK IN THE OPEN OCEAN,HWvU_lLWTaA,"211,443 views",1 year ago,110
BEST CRAWFISH RAMEN CATCH AND COOK,x8mTokwdvmM,"371,781 views",1 year ago,111
VAN TRIP COMPLETE: Where to Next? Making Sea Salt and Fish Tacos,CIR1Le3PB5c,"128,376 views",1 year ago,112
VAN CAMPING & CATCHING CRAWFISH IN THE MOUNTAINS for VietCajun Crawfish Boil,wkePYJ-ZWJQ,"282,911 views",1 year ago,113
"FISHING, CLAMMING, &MUSHROOMING at Camp | Cooking it All Together",BtcrEwdBLsM,"292,391 views",1 year ago,114
NEXT STOP: CANADA | Unbelievably Good Trout Fishing | Catch and Cook,ouAH4XqLCt4,"217,943 views",1 year ago,115
SALMON+BERRIES=PERFECTION | The Vanlife Chef Vlog,_GUZ_AaUUyw,"164,364 views",1 year ago,116
DELICIOUS RAW ALASKAN OYSTERS and We Saw a Swimming Bear | Farm To Table,ytCOe0wmDzE,"284,175 views",1 year ago,117
FORAGE AND COOK Chicken Of the Woods Mushrooms | Tons of Dying Salmon,VuGEkOZNxkM,"196,277 views",1 year ago,118
BEAR APPROACHED AND I FEARED FOR HER LIFE | Salmon Fishing Alaska,hhqS-hW1QAM,"200,323 views",1 year ago,119
ULTIMATE STREET FOOD FUSION TAKOYAKI+CORNDOGS In Alaska,M46e_ay1i9M,"164,441 views",1 year ago,120
HOT SALMON BITE While Shore Fishing In Alaska,zOFeG02tOvc,"136,734 views",1 year ago,121
CAMPFIRE PAELLA ON REMOTE ISLAND IN ALASKA | Catch and Cook Alaska Series,Ibmz5Et1Nnw,"519,307 views",1 year ago,122
CRAZY LOOKING ALASKAN SALMON | Catch and Cook in Bushcraft Smoker,0NPo91hwt8U,"481,018 views",2 years ago,123
THE ALASKAN DRAGON ROLL | Making Sushi + How We Crossed the Canadian Border In Our Van,k0EyK32bXY0,"292,710 views",2 years ago,124
ALASKAN FEAST | Catch and Cook Spot Prawn and Octopus,_xDy0I5jjeI,"800,657 views",2 years ago,125
OFF TO ALASKA In Our Van | Trouble at the Border + Van Meals,WUax3a9CfAw,"158,557 views",2 years ago,126
PARTITIONED COOKING CHALLENGE With Fisherman's Life | Can He Keep Up??,Ks4EFgXwn_c,"68,097 views",2 years ago,127
NEW SERIES: Van Life Catch and Cook | Van Grillin' | How To Make a Poke Pole,2s21syVhzP4,"237,210 views",2 years ago,128
Catches of the Year Turned into EPIC SUSHI ON THE BEACH,cdw3TLzssQo,"188,920 views",2 years ago,129
THE BEST SPICY FISH SANDWICH | Must Try Recipe | Lingcod Catch and Cook,A60YiZu6ex4,"241,097 views",2 years ago,130
PREPARING GIGANTIC FISH EGGS(Mentaiko) | White Seabass Breakdown/Vlog,gjhyvLljPy4,"160,788 views",2 years ago,131
The INTENSE Experience of SPEARING a BIG FISH | White Seabass Spearfishing From A Yacht,Fd_Obx-MyLs,"166,504 views",2 years ago,132
FANCY SASHIMI PLATTER ON A YACHT | Catch and Cook/sushi/sashimi White Seabass,dqOC8zTVwro,"372,689 views",2 years ago,133
FILLET LIKE A BOSS | In Depth Halibut/Flounder Fillet Tutorial,3_ehdDyQ3-k,"133,905 views",2 years ago,134
Bringing My 'A GAME' and This Happened? | Catch and Cook Halibut,iGOf-QQl-PY,"299,426 views",2 years ago,135
CATCH AND SUSHI SQUID + Squid Eggs!!,bC94_q1Nf8Y,"178,415 views",2 years ago,136
TOP NOTCH SHAD RECIPE That Will Work With Any Small Fish | Catch and Cook | Pier Fishing,0Mo7emMpdRA,"125,790 views",2 years ago,137
HER FIRST TIME MAKING SUSHI | Catch And Sushi Wild Salmon,lFFIjijiE0I,"174,090 views",2 years ago,138
WILD SALMON Catch and Cook,0o8jU9Xk5Uo,"275,908 views",2 years ago,139
NASHVILLE'S HOT FISH SANDWICH | Extra Crispy Recipe Catch and Cook,zx8IMwxFWy8,"212,461 views",2 years ago,140
MUST TRY TECHNIQUE TO MAKE CRISPY FISH(No Batter or Panko) | Catch and Cook,g_Y0WWXXvX4,"200,344 views",2 years ago,141
HUNDREDS OF FISH SPAWNING ON THE BEACH | 1st Van Life Experience | Catch and Cook,GKN_rLCn1cU,"212,748 views",2 years ago,142
THE KELP BURGER | Future of Sustainable Food,rzs9PWUDqX0,"120,737 views",2 years ago,143
VAN BUILD UPDATE + Catch and Cook Halibut on the Boat,x3EnizODbio,"131,377 views",2 years ago,144
"DELICIOUS CIOPPINO CATCH AND COOK | Crab, Rock Fish, Mussels, Mushrooms",co_rftmmh5k,"403,045 views",2 years ago,145
I MADE A BRICK PIZZA OVEN and Foraged for Pizza Ingredients | Black Trumpet Mushrooms and Clams,WuFqvXV94oQ,"332,745 views",2 years ago,146
DELICIOUS SINGAPOREAN CHILI CRAB ON THE BEACH | Catch and Cook Dungeness Crab,PBxdHNeDYzE,"231,218 views",2 years ago,147
CATCH AND COOK STURGEON,CLJvw-aOvcU,"412,913 views",2 years ago,148
HOW TO PREPARE FISH EGGS | Steelhead Roe | Catch and Cook,8K5XT9mdCz4,"493,059 views",2 years ago,149
MY FIRST STEELHEAD | Catch and Cook,xVgb2KDznNE,"281,187 views",2 years ago,150
Coastal Foraging Catch and Cook | MINI Adventure,HsV0w5QTTmQ,"90,683 views",2 years ago,151
"PORCINI RAMEN MADE ENTIRELY OF WILD INGREDIENTS | Crab, Kelp, Bonito, Herring Catch and Cook",X-YUc40Dii4,"214,281 views",2 years ago,152
I GRILLED MY CATCH ON THE KAYAK In the Middle of a Lake | Kokanee Fishing | Catch and Cook,jQg75xC9qNU,"398,078 views",2 years ago,153
"PICKLED HERRING SUSHI | Amazing Catch, Clean, Fillet, and Pickle Spawning Herring",pnu9lLq4TZs,"224,407 views",2 years ago,154
MATSUTAKE: $1000/lb?? | How Much Would This Crispy Mushroom Sandwich Cost $$$? Forage and Cook,jFjQhcj83kk,"255,828 views",2 years ago,155
NEW UNI(Sea Urchin) RECIPE!! Coastal Foraging Catch and Cook,jXnaeD_JGsM,"180,930 views",2 years ago,156
OUR BIG REVEAL and Coastal Foraging for Mussels,Xq3eB5j_Hmk,"156,546 views",2 years ago,157
We Found Golden Mushrooms On the Forest Floor | Delicious Chanterelle Risotto and Arancini,XfoXgfP4GgU,"122,591 views",2 years ago,158
BEST SOUP FOR WINTER CAMPING | Tent vs. Rooftop Tent,KPk0UTsuqfE,"189,367 views",2 years ago,159
How To Make Stocked Trout Taste Great | Rainbow Trout Catch and Cook Japanese Recipe,6SCGAPtTisI,"135,545 views",2 years ago,160
How I Made This Perfect Smoked Salmon,0qIbA0lvUxg,"148,988 views",2 years ago,161
LAKE WITH THE WORLD'S LARGEST CUTTHROAT TROUT | Catch and Cook Trout,i08p78zhjFI,"142,763 views",2 years ago,162
COASTAL FORAGING FOR HOTPOT INGREDIENTS | Catch and Cook Spicy Hotpot,X64UA0zy0Mw,"196,205 views",2 years ago,163
HOW TO MAKE INCREDIBLY BEAUTIFUL LOBSTER SUSHI | Butter Poached Spiny Lobster,1G670fr5jeM,"124,237 views",2 years ago,164
SUSHI CHEF CATCHES A BONITO and Creates Epic Dish On The Boat,6QHiX6JBe3g,"173,957 views",2 years ago,165
COASTAL FORAGING FOR RAZOR CLAMS and Making Delicious Manhattan Clam Chowder,EE3pACSYbc0,"226,074 views",2 years ago,166
JACKPOT OF WILD VIBRANT MUSHROOMS Into A Masterpiece Dish  | Lobster Mushrooms,8w_CE4T0ips,"181,215 views",2 years ago,167
RAW OYSTERS vs. RAW CLAMS with a Side Of Paella,AGqJCsnOy00,"313,672 views",2 years ago,168
DELICIOUS CAMP MEAL IDEA | Grilling Wagyu Short Rib | Mushroom Foraging,UjMjenoqVRU,"274,076 views",2 years ago,169
TREASURE OF THE WOODS | Truffle Hunting With Truffle Dogs,_PA0dQCtNXs,"196,260 views",2 years ago,170
THE BEST OPEN FIRE CRAB DISH | Dungeness Crab Catch And Cook,CX10zCCrnaE,"478,478 views",2 years ago,171
MUST TRY SHARK RECIPE Catch and Cook Spiny Dogfish,uv-uBaKhvLA,"153,202 views",2 years ago,172
EATING RAW SQUID Right After We Catch Them! Squid Sustainability,XoQ9eH9__aA,"161,507 views",2 years ago,173
Delicious Flounder Catch and Cook | Also Caught The STRANGEST/CUTEST Fish,Ftrc8uYP2KQ,"171,509 views",2 years ago,174
SUSHI CHEF + ARTIST TAG TEAM Wild Caught Salmon | Gyotaku | Catch and Sushi,mE5K3MI05eg,"351,818 views",2 years ago,175
BONITO: ANOTHER TRASH FISH? San Diego Trip/ Vlog,yZkVUaJUwGw,"145,497 views",2 years ago,176
PLAN B: EAT THE BAIT Which Happened To Be A Huge Eel | Tom Kha (Thai Coconut Soup),Thg5EeceE7Q,"122,829 views",2 years ago,177
New Challenge: ONLY USE WHAT YOU CATCH Not Even Salt | Creating an Entire Dish,rt_jIm4WDjI,"673,858 views",2 years ago,178
New Species! FAVORITE WAY TO COOK FLATFISH | Catch And Cook,IYPI_jijAM8,"143,046 views",2 years ago,179
TURNING WATERMELON INTO VEGAN TUNA | Does It Actually Taste Like Tuna?,30hhXePAXpY,"177,595 views",2 years ago,180
"SUSHI..BURRITO...""SUSHIRRITO"" King Salmon | Catch And Sushi",5vrWSSbZ0pE,"287,694 views",2 years ago,181
KAYAK FLIPPED BY A WAVE After Catching A White Seabass and King Salmon,sZrPNj4BtiU,"102,960 views",2 years ago,182
ARE ALL SEAWEED EDIBLE?? Trying 5 Different Seaweeds | Sustainable Coastal Foraging,wGh6mizPVKU,"168,443 views",2 years ago,183
RECREATING GORDON RAMSAY'S SALMON DISH With My Fresh Catch | Catch And Cook,wCkTLkmf4MQ,"332,880 views",2 years ago,184
DELICIOUS CRAWFISH CATCH AND COOK,HZKl-fLyK00,"1,135,162 views",3 years ago,185
BEST TASTING SUSTAINABLE SEAFOOD | Catch And Cook Squid 3 Ways,yN8FSQ5a3KE,"311,605 views",3 years ago,186
Spear and Sushi CLIFFSIDE SUSHI MAKING | Using Random Ingredients,#NAME?,"247,525 views",3 years ago,187
BEST WAY TO EAT YELLOWTAIL | She Caught The Biggest Fish,VaSXZojyhpU,"467,031 views",3 years ago,188
EATING PRACTICALLY LIVE SQUID + Catch And Sushi Mackerel,loJHLnjbgZU,"1,212,836 views",3 years ago,189
BEST CAMP FOOD | What To Make When You Go Camping,6E8IoXubtSo,"515,628 views",3 years ago,190
EPIC SALMON SUSHI PLATTER Using My Wild Salmon Catch | Part 2,5qtiqsmxp8Y,"741,063 views",3 years ago,191
The CHASE FOR WILD SALMON ON KAYAK | Catch And Cook King Salmon | Part 1,OfokgFKKklY,"647,443 views",3 years ago,192
SMOKED UNI(Sea Urchin) I Was Not Expecting That | Coastal Foraging,slLTwe5lIbE,"270,679 views",3 years ago,193
BEST CATCH AND COOK ANCHOVIES You Will Ever See,Dhdtor9fHqs,"278,606 views",3 years ago,194
SHARK Catch and Cook | How To Properly Harvest A Leopard Shark,oMFosH8J6FY,"273,764 views",3 years ago,195
Catch and Cook DELICIOUS JAMAICAN RECIPE | Escovitch Fish,Hga_XSLfuJI,"169,847 views",3 years ago,196
THE BEST WAY TO MAKE FISH TACOS??  Game Changer Catch And Cook,wP007Z1WlYo,"478,791 views",3 years ago,197
THESE WEIRD CLAMS SQUIRT SO MUCH | Strange But Tasty Clam Tostada | Catch and Cook,qD4jPq6m37k,"179,244 views",3 years ago,198
The Ultimate Halibut Catch and Cook | Top 3 Ways to Prepare Halibut,PpmY2yRUXQo,"775,333 views",3 years ago,199
Catch and Cook Food Experiment | MUST TRY!!,01H375NZ4DQ,"218,789 views",3 years ago,200
BEST STRIPED BASS CATCH AND COOK | Vietnamese Style Dish,mt9K98q2wz4,"461,714 views",3 years ago,201
BEST TIPS FOR KNIFE SHARPENING | Double Bevel Knives,3tyajZYWtuY,"49,303 views",3 years ago,202
BEAUTIFUL SAKURA(Cherry Blossom) JAM | Seasonal Delicacy,myJ00iLunCM,"44,703 views",3 years ago,203
Expert Level Sushi Rice | The Most Difficult Rice To Make,hsBHBMrm-wg,"811,346 views",3 years ago,204
How To Make Sushi Vinegar | Recipe,JfW9nSqy_3Q,"341,179 views",3 years ago,205
TURNING FOOD SCRAPS Into Delicious Food | Osaka Style Okonomiyaki,242xrTc5saE,"110,775 views",3 years ago,206
BEST BUDGET ($6-$26) KNIFE SHARPENING For Japanese Knives,_yCtrdTfFrM,"65,005 views",3 years ago,207
THE LAST CATCH AND COOK | Shore Fishing | Cabezon,l1Mf7-LiTfw,"269,096 views",3 years ago,208
BEST WAYS TO EAT NATTO | Slimy Fermented Soy Beans,AdpDxGF_RfE,"268,873 views",3 years ago,209
BEST DUNGENESS CRAB RAMEN!!  Catch and Cook,#NAME?,"557,571 views",3 years ago,210
The MOST DETAILED How To Make Nigiri Sushi From Whole Fish,ZOZYhTMTvbs,"370,348 views",3 years ago,211
"Best Japanese Style Knife On a Budget $40-$70 | 8"" Gyuto Comparison",rVk42APDfV0,"2,035,333 views",3 years ago,212
Creating A Beautiful Bowl Of Tuna Without Leaving The House! Seafood Delivery,_tUO28-cPyY,"169,733 views",3 years ago,213
What To Use As Toilet Paper When We Run Out!!,0Gt7-GGwjno,"39,608 views",3 years ago,214
Catch and SUSHI CRAPPIE?!?! Fishing For BIG Crappie | Freshwater Fishing,6S3i_x-gKKw,"347,370 views",3 years ago,215
Why KELP Is the Next Big SUSTAINABLE FOOD TREND Explained | Clam Kelp Recipe | Coastal Foraging,N2elSzq3ERo,"182,473 views",3 years ago,216
Identifying EDIBLE RESOURCES In The Streets Of San Francisco | Urban Foraging,pgUHVF7U56I,"82,557 views",3 years ago,217
"Catch and Cook ""MINI HALIBUT"" | Perfect Easy Recipe | Sanddabs | Giveaway",qh1Muiz_rAw,"159,503 views",3 years ago,218
Can a Sushi Chef Tell the Difference Between DUNGENESS and ROCK CRAB? Catch and Sushi,_ywQyYKjpmA,"219,490 views",3 years ago,219
THE BEST LOBSTER CATCH AND COOK | Eating Raw Lobster and Lobster Ramen,J0pS2lhH0Vc,"2,604,124 views",3 years ago,220
I MADE SUSHI FOR 50 SUBSCRIBERS | Herring Roe Hand Roll,Vdxw9wmlFGU,"123,768 views",3 years ago,221
I Helped a Subscriber CATCH HIS FIRST FISH | Best Surfperch Recipe | Fighting Cancer,hWmajH0Opic,"88,987 views",3 years ago,222
FORAGING THE KING OF MUSHROOMS | Delicious Forage and Cook Matsutake,K8ihcRLieYU,"296,556 views",3 years ago,223
SUSHI CHEF CREATES UNAGI FROM EEL LIKE FISH | Easiest Fishing Method,oWJqQTrd3xg,"370,294 views",3 years ago,224
Two Chefs Create EPIC SEAFOOD TOWER Using ONLY FORAGED INGREDIENTS | Coastal Foraging,rfU8_IvMvLo,"492,266 views",3 years ago,225
ONE OF NATURE'S STRANGEST LOOKING DELICACIES | Coastal Foraging For Big Clams,Ljc3az0-SGU,"623,013 views",3 years ago,226
THE NEXT BIG SUSTAINABLE FOOD TREND | Must Try Kelp Pickles,SXhXK2CcCic,"722,515 views",3 years ago,227
MOUTHFUL OF DUNGENESS CRAB IN EVERY BITE | Epic Dungeness Catch and Cook,yZjbF3q8YzE,"342,680 views",3 years ago,228
EATING $100 WORTH OF UNI FOR FREE | How To Tell The Sex of a Sea Urchin,cKb5L5pFZSg,"239,257 views",3 years ago,229
MOST DELICIOUS TROUT CATCH AND COOK | Fresh Water Fishing,dvkdy7G1Q7Q,"438,006 views",3 years ago,230
EVERYTHING YOU NEED TO KNOW TO FORAGE BEST MUSSELS | Perfect Recipe | Forage and Cook,EiGrYxsD6Dw,"223,498 views",3 years ago,231
I FOUND A BIG CLUSTER OF WILD MUSHROOMS | Forage and Cook,rCXk2MnwXl8,"331,385 views",3 years ago,232
COASTAL FORAGING FOR DELICIOUS LITTLE CLAMS | How To Sustainably Harvest | Simple Recipe,8fVvkYEBuiY,"196,675 views",3 years ago,233
CATCHING UNIQUE THAI FISH | Catch and Cook Thai Style Tilapia,AdxSFXcZds0,"202,884 views",3 years ago,234
THIS FISH PUT MY FILLETING SKILLS TO THE TEST | Deep Sea Fish | Catch and Cook,9mhd4myg15E,"501,858 views",3 years ago,235
CATCHING A SHARK and Non-Stop Mahi Mahi Action From SHORE | Catch and Cook | Fishing Japan,Gt1Pzyqo_nQ,"274,435 views",3 years ago,236
"SPEARFISHING IN OKINAWA, JAPAN | 1 Pot Recipe Catch and Cook",pgQU8boqj_4,"100,338 views",3 years ago,237
CATCHING MAHI MAHI FROM SHORE!! Catch and Cook | Okinawa Specialty,SoHkWnDT1Cc,"302,256 views",3 years ago,238
CAMPING IN JAPANESE COUNTRY SIDE!! My Back Story + Catch and Cook,VNLI8rrAMY4,"179,482 views",3 years ago,239
THE BEST CATCH AND COOK | Beautiful Japanese Scenery,81a0RhljFPU,"902,374 views",3 years ago,240
CATCH AND COOK DELICIOUS SQUID!! OSAKA RECIPE | Fishing in Japan,qSN3haDE99U,"1,359,101 views",3 years ago,241
CATCH AND SUSHI IN JAPAN!! Secret Sushi Chef Techniques to Fillet Fish | Sukibiki,9wuhd3irXmk,"331,081 views",3 years ago,242
EPIC SUSHI PLATTER Made With A Catch Off a Dangerous Cliff!,aoRgy7a49TQ,"402,259 views",3 years ago,243
How to Fillet WEIRD FISH | Hawaii | Travel Update,qEY-JNi-dFo,"68,829 views",3 years ago,244
Catch and Cook OCTOPUS | BEST OCTOPUS DISH | Takoyaki!,rg3Vye7NpDE,"392,222 views",3 years ago,245
Catch and Cook LOBSTER  Diving with HAWAII NATIVES!!,CFssxm-HZjQ,"574,163 views",3 years ago,246
Exploring Maui's Tide Pool! Trying Different Types of Uni(Sea Urchin),IyGaRIioEO4,"137,183 views",3 years ago,247
Hunting Down Needlefish in the DARK! Catch and Sushi Ep.14,0utGKnJqPSk,"283,713 views",3 years ago,248
NEW SERIES: Outdoor Chef Life TRAVEL CATCH AND COOK!! Hawaii Edition,_rkDaPqXr1o,"297,459 views",3 years ago,249
Another DELICIOUS UNI(Sea Urchin) DISH For You To Try!!! Freediving in California,EkGAlgIETXQ,"171,792 views",3 years ago,250
Camping In the Sierra Mountains + First Time FLY FISHING!!,EzJLHMUH-lw,"149,396 views",3 years ago,251
The Most TASTY and JUICY Way to cook a Fish!! Going FULL-TIME YOUTUBE!,78Qu8kfGPQ4,"134,742 views",3 years ago,252
Outdoor Chef Life Serves Sushi Tasting Menu at Hinata in San Francisco,diH7KV7DKbU,"241,558 views",3 years ago,253
Turning LINGCOD into DELICIOUS SUSHI!! (Catch and Sushi Ep.13),yzFvD-fG__8,"178,645 views",3 years ago,254
Catch and Cook Lingcod LIVER!! +Boat RUNS OVER KAYAKER,exXm9bgW8Sg,"175,764 views",3 years ago,255
EASY Fish to Catch and Turn into SASHIMI!! Fishing in LA,veoeygUHoPs,"195,211 views",3 years ago,256
My GIRLFRIEND Did a Catch and Cook!!!,uAUHhZzblA8,"320,758 views",3 years ago,257
How to Sharpen Knives and PROPERLY Fillet Fish for BEST RESULT!!,GBdfddd-co8,"141,854 views",4 years ago,258
Why you SHOULD Harvest Sea Urchin(Uni)! JAPANESE Uni Dish Vs. FRENCH Uni Dish!!,mx0OFqIVT8Q,"320,342 views",4 years ago,259
Catch and Cook BATRAY! Delicious Recipe!!,13RPH6q-01M,"415,022 views",4 years ago,260
Two Sushi Chefs Catch and Prepare BLUEFIN TUNA,ZsVysfUzgkA,"1,145,687 views",4 years ago,261
"Two Chefs, Two TOTALLY DIFFERENT Cooking Styles",bWs3-ZNzHxQ,"159,133 views",4 years ago,262
Two Sushi Chefs FORAGE for SUSHI Ingredients!! [Catch and Sushi Series Ep.11],Hpbq2tZtZyE,"2,749,362 views",4 years ago,263
Catch and SMOKE TROUT!! How to BUTTERFLY TROUT,Dxta1hOeNO0,"228,110 views",4 years ago,264
EASY and DELICIOUS Catch and Cook You Can Try!! JACKSMELT,SJEPn4OMpck,"218,522 views",4 years ago,265
Catch and Cook SHARK!! SO GOOD!,tHtcypHz1FE,"743,773 views",4 years ago,266
Striped Bass SASHIMI!! Catching and Eating RAW STRIPER,pXmbW0eLLk4,"183,419 views",4 years ago,267
Catching Halibut and Making DELICIOUSLY FRESH SUSHI (Catch and Sushi Series Ep.10),tJSu0PInUFs,"409,500 views",4 years ago,268
Freediving and Eating DELICIOUS RAW SCALLOPS!!,P-f52cYMf0w,"259,610 views",4 years ago,269
Catching Fish Under HUGE BOULDERS! Catch and Cook ONIGIRI!,OggPQUImyQ0,"318,083 views",4 years ago,270
Catch and Cook AMAZING SEAFOOD PAELLA!!,WILhr8RBzmk,"1,902,558 views",4 years ago,271
"Camp, Catch, and Cook: BEST CRAB EGG BENEDICT EVER!!",r3EqBwGOUKk,"388,481 views",4 years ago,272
FREEDIVE Catch and Cook This HUGE....!!,4VCWeoFJAto,"81,457 views",4 years ago,273
Coastal Foraging with INSTA FAMOUS Corgi and Foodie,FvaPZQOcnuA,"196,540 views",4 years ago,274
Catch and SUSHI EEL Ep.9!! How To Fillet Eel For Sushi!,c_TgxEqYfTo,"980,553 views",4 years ago,275
Can You EAT GHOST SHRIMP?! WEIRDEST SHRIMP EVER!!,wPki-lDD1xA,"179,877 views",4 years ago,276
Gettin' DIRTY with FISHERMAN'S LIFE: Making Clam SUSHI,qK3JjsTlQQU,"360,996 views",4 years ago,277
Catch and Cook: BEER BATTER FISH TACOS!!,hpBymhK0zxc,"178,695 views",4 years ago,278
7 Edible Plants and 1 DEADLY Plant!! Making Spring Rolls,BzFXCp2LrEk,"116,471 views",4 years ago,279
Turning DISGUSTING SAND FLEAS Into DELICIOUS SUSHI!!,BbLepp8PYEE,"725,674 views",4 years ago,280
Coastal Foraging: Making DELICIOUS Seafood RAMEN,C25SkM9n1C0,"297,212 views",4 years ago,281
"Rotten Shark Challenge! ""Most disgusting and terrible tasting thing"" -Anthony Bourdain",zYWudRZKguw,"46,688 views",4 years ago,282
Catch and Sushi Series Ep.6: Herring Eggs,zH1SDqLImtw,"430,839 views",4 years ago,283
Coastal Foraging: Rare Find In Northern California Coast!! Making Ceviche,3UcCZ93XIWU,"580,146 views",4 years ago,284
Catch and Sushi Series Ep.5: Octopus and Red Urchin,mRjTtu09Rbs,"700,633 views",4 years ago,285
Coastal Foraging in Southern California: Differences Between SoCal vs. NorCal,e2hN3fuNGvU,"151,805 views",4 years ago,286
"Catch, Cook, and Camp! Amazing Tide Pool Creatures!!",2WJdizw1Kh4,"232,862 views",4 years ago,287
Catch and Sushi Series Ep. 4: Dungeness crab!,bGLJH5l5bFI,"265,953 views",4 years ago,288
Foraging for Wild MUSHROOMS (Catch and Sushi Ep.3),Q1nsL-JmhMI,"79,782 views",4 years ago,289
Catch and SUSHI Ep.2: UNI (Sea Urchin),Giv3ykfnuVc,"895,371 views",4 years ago,290
Catch and Cook BIG OL' FISH HEAD!!,yiwSP1z70F0,"48,487 views",4 years ago,291
Personal Best Day of Fishing!! 'Put Him in the Bag 2018' Tournament,ADDsThx8I1o,"55,843 views",4 years ago,292
"Coastal Foraging for Beginners: Where, When, & How to Harvest Mussels",fGtnkhhO2zg,"140,745 views",4 years ago,293
New Series: Catch and SUSHI!! Episode 1 California Roll,a7gPVBx0DVw,"459,491 views",4 years ago,294
Catch and Cook: BEST FISH TACO RECIPE!!,jB31YeG-f70,"176,360 views",4 years ago,295
Coastal Foraging: Easy to Find,ElR-wkg7k80,"66,157 views",4 years ago,296
Catch and cook: Monkeyface Thai Curry! After a series of unfortunate events,_sp6a8LSg3U,"107,721 views",4 years ago,297
SHARK encounter first time spearfishing! GIVEAWAY details!!,VZKbro1hBtA,"83,985 views",4 years ago,298
Foraging for edible plants: Nasturtium and blackberry,0VUIPKCu55I,"16,831 views",4 years ago,299
Coastal foraging for beginners: EASIEST shellfish to forage! + Making RISOTTO,2uqKNt7oeh4,"171,805 views",4 years ago,300
Catch and cook my first LINGCOD!!,ZEi6UMQy-ls,"202,518 views",4 years ago,301
Catch and SASHIMI SURFPERCH?? GOOD or GROSS? ft. Ish With Fish,dG6_uJLktUk,"157,602 views",4 years ago,302
Coastal foraging: Making the BEST clam carpaccio with Philosophy D!!,FP6ekrLCxOQ,"224,597 views",5 years ago,303
Catch and cook surfperch with Bay and Beyond Fishing,YNk80JBJbE8,"63,376 views",5 years ago,304
Coastal foraging for seaweed in HMB: making Trader Joe's seaweed snack,LELcjgZbWEQ,"69,229 views",5 years ago,305
Foraging for clams and eating clam SASHIMI + clam chowder,RiLjXwuZXkQ,"219,282 views",5 years ago,306
Coastal foraging: Making seafood chowder + weird giant sea creature,Hi-WLzzyOe8,"648,611 views",5 years ago,307
Coastal foraging for uni part 2: Making uni pasta,DB4wZDLoPLI,"46,008 views",5 years ago,308
Camping + Coastal foraging for uni,49t5KW0K7Fg,"205,086 views",5 years ago,309
